INSERT INTO gift_certificate (id, name, description, price, duration, create_date, last_update_date) VALUES (101, 'Zara', 'Zara shop certificate', 150.5, 30, '2021-01-11 12:56:54.681782'::timestamp, '2021-01-11 12:56:54.681782'::timestamp);
INSERT INTO gift_certificate (id, name, description, price, duration, create_date, last_update_date) VALUES (2, 'Zara', 'Zara shop certificate', 200, 30, '2021-01-05 09:04:54.3345'::timestamp, '2021-01-05 09:34:54.334502'::timestamp);
INSERT INTO gift_certificate (id, name, description, price, duration, create_date, last_update_date) VALUES (3, 'Evroopt', 'Goods certificate', 100, 14, '2021-01-11 12:57:31.478399'::timestamp, '2021-01-12 16:25:20.22766'::timestamp);
INSERT INTO gift_certificate (id, name, description, price, duration, create_date, last_update_date) VALUES (4, 'Evroopt', 'Goods certificate', 50, 14, '2021-01-12 16:25:20.22766'::timestamp, '2021-01-12 16:25:20.22766'::timestamp);
INSERT INTO gift_certificate (id, name, description, price, duration, create_date, last_update_date) VALUES (5, 'Gippo', 'Goods certificate', 150, 14, '2021-01-13 12:47:12.848618'::timestamp, '2021-01-13 12:47:12.848618'::timestamp);
INSERT INTO gift_certificate (id, name, description, price, duration, create_date, last_update_date) VALUES (6, 'Gippo', 'Goods certificate', 20, 7, '2021-01-14 14:56:12.84861'::timestamp, '2021-01-14 14:56:12.84861'::timestamp);
INSERT INTO gift_certificate (id, name, description, price, duration, create_date, last_update_date) VALUES (7, 'V-Kart', 'Carting certificate', 25, 30, '2021-01-11 12:57:56.406796'::timestamp, '2021-01-11 12:57:56.406796'::timestamp);
INSERT INTO gift_certificate (id, name, description, price, duration, create_date, last_update_date) VALUES (8, 'V-Kart', 'Carting certificate', 25, 30, '2021-01-13 16:00:49.650734'::timestamp, '2021-01-13 16:00:49.650734'::timestamp);
INSERT INTO gift_certificate (id, name, description, price, duration, create_date, last_update_date) VALUES (9, 'TyRent', 'Car rental', 200, 60, '2021-01-13 11:46:36.736776'::timestamp, '2021-01-13 11:46:36.736776'::timestamp);
INSERT INTO gift_certificate (id, name, description, price, duration, create_date, last_update_date) VALUES (10, 'TyRent', 'Car rental', 200, 45, '2021-01-13 11:46:36.736776'::timestamp, '2021-01-13 11:46:36.736776'::timestamp);
INSERT INTO tag(id, name)VALUES (100, 'sport');
INSERT INTO tag(id, name)VALUES (2, 'shop');
INSERT INTO tag(id, name)VALUES (3, 'goods');
INSERT INTO tag(id, name)VALUES (4, 'entertainment');
INSERT INTO tag(id, name)VALUES (5, 'hobby');
INSERT INTO tag(id, name)VALUES (6, 'books');
INSERT INTO tag(id, name)VALUES (7, 'friends');
INSERT INTO tag(id, name)VALUES (8, 'beauty');
INSERT INTO tag(id, name)VALUES (9, 'woman');
INSERT INTO tag(id, name)VALUES (10, 'food');
INSERT INTO tag(id, name)VALUES (11, 'travel');
INSERT INTO gift_certificate_tag (gift_certificate_id, tag_id) VALUES (101, 2);
INSERT INTO gift_certificate_tag (gift_certificate_id, tag_id) VALUES (2, 2);
INSERT INTO gift_certificate_tag (gift_certificate_id, tag_id) VALUES (101, 8);
INSERT INTO gift_certificate_tag (gift_certificate_id, tag_id) VALUES (2, 8);
INSERT INTO gift_certificate_tag (gift_certificate_id, tag_id) VALUES (101, 9);
INSERT INTO gift_certificate_tag (gift_certificate_id, tag_id) VALUES (2, 9);
INSERT INTO gift_certificate_tag (gift_certificate_id, tag_id) VALUES (3, 2);
INSERT INTO gift_certificate_tag (gift_certificate_id, tag_id) VALUES (3, 3);
INSERT INTO gift_certificate_tag (gift_certificate_id, tag_id) VALUES (4, 2);
INSERT INTO gift_certificate_tag (gift_certificate_id, tag_id) VALUES (4, 3);
INSERT INTO gift_certificate_tag (gift_certificate_id, tag_id) VALUES (5, 2);
INSERT INTO gift_certificate_tag (gift_certificate_id, tag_id) VALUES (5, 3);
INSERT INTO gift_certificate_tag (gift_certificate_id, tag_id) VALUES (5, 10);
INSERT INTO gift_certificate_tag (gift_certificate_id, tag_id) VALUES (6, 2);
INSERT INTO gift_certificate_tag (gift_certificate_id, tag_id) VALUES (6, 3);
INSERT INTO gift_certificate_tag (gift_certificate_id, tag_id) VALUES (6, 10);
INSERT INTO gift_certificate_tag (gift_certificate_id, tag_id) VALUES (7, 100);
INSERT INTO gift_certificate_tag (gift_certificate_id, tag_id) VALUES (7, 5);
INSERT INTO gift_certificate_tag (gift_certificate_id, tag_id) VALUES (7, 7);
INSERT INTO gift_certificate_tag (gift_certificate_id, tag_id) VALUES (8, 100);
INSERT INTO gift_certificate_tag (gift_certificate_id, tag_id) VALUES (8, 5);
INSERT INTO gift_certificate_tag (gift_certificate_id, tag_id) VALUES (8, 7);
INSERT INTO gift_certificate_tag (gift_certificate_id, tag_id) VALUES (9, 11);
INSERT INTO gift_certificate_tag (gift_certificate_id, tag_id) VALUES (9, 5);
INSERT INTO gift_certificate_tag (gift_certificate_id, tag_id) VALUES (10, 11);
INSERT INTO gift_certificate_tag (gift_certificate_id, tag_id) VALUES (10, 5);
INSERT INTO users (id, name) VALUES (10, 'Petr');
INSERT INTO users (id, name) VALUES (15, 'John');
INSERT INTO users (id, name) VALUES (20, 'Mihail');
INSERT INTO user_order (id, cost, purchase_date, user_id, certificate_id) VALUES (300, 150, '2021-01-13 11:46:36.736776'::timestamp, 15, 8);
INSERT INTO user_order (id, cost, purchase_date, user_id, certificate_id) VALUES (400, 150, '2021-01-13 11:46:36.736776'::timestamp, 15, 9);
INSERT INTO user_order (id, cost, purchase_date, user_id, certificate_id) VALUES (500, 150, '2021-01-13 11:46:36.736776'::timestamp, 10, 7);
INSERT INTO user_order (id, cost, purchase_date, user_id, certificate_id) VALUES (156, 150, '2021-01-13 11:46:36.736776'::timestamp, 20, 6);
